0,1,2,3,4,5,6,7,8,9,target,Cluster
0.291000975891846,-0.05968145468789743,-0.6311819052643606,0.3746650767785802,-0.6049312904729531,-0.285092406759573,1.0691298659227537,0.8027264347738361,0.6264495220226678,-0.70958901585658,1,3
-0.5850229542060045,0.1720578410648481,0.7039732980732747,0.28791631228662334,-0.20845696327188873,-0.5744514474989401,-0.2208251324217207,0.008074454396787459,-0.06412465845597956,-0.1776586555771583,1,2
-1.091978043696027,0.14933187183329097,-0.738389174337107,-0.36705681291239156,-0.0998503150093551,0.6519967466664227,-0.07506367481413699,-0.35456088659716906,0.05823213647293927,-0.19688946489747822,1,0
-1.0270880054600176,-0.45585831128547183,-0.03300623128427012,-0.757803782683864,-0.41149190081259857,-0.19910540288095444,-0.016688380019664235,-0.29364517731531853,-0.057000794977280125,0.004500906161794045,1,0
-0.748574655812148,-0.008620656954256654,-0.004428235993876897,-0.5753620715559449,1.1208562882098758,0.03598113784173437,-0.028163824820177808,0.19000968026639545,0.032740415724214156,-0.061906430589490476,1,0
0.5129359087468945,0.22015095747206384,0.47998715940675674,-0.404517551935653,-0.6058977785155473,-0.3737359853566912,0.15003524172441418,0.3290513178723244,0.9711404920625821,-0.24386255110418276,1,1
-0.20439074239045965,1.1303035400232635,-0.4231713053225373,-0.5159970303177962,-0.4444228271183642,0.5772752495594502,-0.021897349983207807,-0.4464809932206216,-0.059074330403798114,-0.1264669718948843,1,2
-0.15019863863284083,-1.2594334163957281,0.17594386400881362,-0.5493892341654103,-0.47703344273713894,0.4361004343397193,-0.09308439112183314,-0.39697066943452713,-0.002591133572717081,-0.22061617113264514,1,3
-0.11030121308465496,-1.113285180515156,0.7026382693237165,0.8026969398766993,-0.04781635594995256,0.10765717244321367,0.6682781192062394,-0.1533234781559244,-0.1427445332094822,-0.25935880401391675,1,3
-1.0243678703610755,-0.28773276873453674,0.5411125897069183,0.36889821911582515,-0.017619724293286197,-0.4853318394637613,-0.20862302019689435,0.049836483302337684,0.005378247533888336,0.006556998714482622,1,0
-0.8610070403489608,-0.3832087727804231,0.09240051370513012,-0.3230605803218654,-0.08183480180218254,-0.366387374496403,-0.09553646291902816,0.3742414275728096,-0.038986064001382166,0.12406427439862348,1,0
-1.2196779347500493,0.11376099455216494,0.6379627467433815,0.28037860242423435,0.42366293778395875,0.24221788622933668,-0.13351977108258825,0.0670785149611326,0.1274429916475529,-0.08562331258046567,1,0
-1.0295852098031386,-0.4588600156322099,-0.03409937034454523,-0.7606630611021155,-0.40947360045936976,-0.20053812704747348,-0.020409153035650687,-0.3017416861937965,-0.06141635360366064,-0.024028800900537328,1,0
0.45660160210118844,0.7822235047869793,-0.627981724851832,-0.22474537835194536,0.08560120267661285,-0.7507104689302863,-0.17853976870513427,0.48407711429551803,-0.4570617738911285,-0.3385423755732966,1,2
-0.8921926876632598,0.2090163824901938,-0.7387330134591533,0.2819205586359615,0.14328573166575245,0.41698271045853036,0.8927070112672933,0.777469014175301,-0.38423722264878435,-0.39493542594944414,1,0
-0.35585830425103476,1.0691251334124616,0.980590328602384,0.11703545489695373,0.038104889358719314,0.1221557669569363,-0.13177562331428957,-0.03687750795623228,-0.02397053004798262,-0.12148156629838346,1,2
-1.2407189091599833,0.11038635157163389,0.6310166123450837,0.29081879015543355,0.4163817896107412,0.2687685032540336,-0.12656749300819423,0.06473390688755994,0.10979241395228735,-0.06460119052417608,1,0
-0.51784865421272,0.5278591771956616,0.2431143961529715,-0.45748142906785066,0.0886382702284282,0.27337898765542457,0.19796126483304258,1.0547709772364546,-0.14367051781837853,-0.2536338122304893,1,2
-0.8731687142809312,-0.3953098724998897,0.0958084591843638,-0.3262365076698264,-0.0923948661189034,-0.3736794146270517,-0.10950886726155089,0.36532776299197345,-0.05831088271873757,0.058266225264025986,1,0
-0.9594985758744635,0.029865759928844503,0.08132102369938148,-0.36406525843995874,0.24941341233118994,0.34860393220127206,0.2122978224862465,1.0702522360036038,-0.08607810245586904,0.22214490997368394,1,0
0.8834866784816688,-0.2191206444397355,0.6304963390909858,-0.2677781295524235,-0.5166595843958003,0.1753975408650462,-0.13336330771747412,0.17478879944867776,-0.11379337091915717,-0.056872354004800736,1,1
-0.7584911611390197,-0.33356991311995576,0.369807448468001,0.16561062695074943,0.7335451849589796,-0.8527656911704018,-0.2861361401955825,-0.2384321723593678,-0.06962810914590768,-0.19565867560077263,1,0
-0.9107642232988825,-0.4094876808973698,0.10363796579593255,-0.3359123597054812,-0.10757962573365658,-0.38025649441886233,-0.1241505223679234,0.3297086242750439,-0.07337055531026826,0.027525939019910756,1,0
0.18792772259076407,0.6296240749507815,0.650570004194223,0.23144838841678897,0.4236856110763309,-1.000854624356633,0.7003074178435461,-0.42330911424582723,-0.37717706922242616,-0.17131539519953304,1,2
0.3329240249698367,-1.2173206477070688,0.048738624401880766,-0.30998971741135606,0.4827882990152458,-0.13774534126542218,-0.11509285643404192,0.6280206329584989,-0.2893012273273303,-0.5828824937728643,1,3
-1.136819370594648,-0.04678509610785326,0.010228581737561825,-0.7693777504080614,0.05583267687495632,0.5929783159549797,0.23933712619311087,-0.16153550834175923,0.15253679865513264,0.4294416400270021,1,0
-0.9840294129233503,-0.30701415065080695,0.5021927876799609,0.5819063318588062,0.019318325381645882,-0.5426092944884412,0.7139847222418624,-0.06788815805367285,-0.20082544042442477,-0.04032789440927539,1,0
-1.0189859404648025,-0.2786281403436828,0.5598478325982987,0.33783712157510004,-0.007085687198514441,-0.5236575524030603,-0.25584169734659384,0.004261265220964847,0.02234044570701456,0.023801226849298227,1,0
-1.038162946564546,0.3101654984020397,-0.2344158780675808,1.000216318736148,0.35624524727086043,0.3688486846279618,0.7149468266919884,-0.13248990439833003,-0.05940931183730864,0.07658202058526131,1,0
-0.44281737242840963,0.36914226465342675,-0.14003145540363446,0.9670424158305262,-0.28171908795801004,-0.493620543418734,0.5818321772450008,-0.242308536176735,-0.2461923318807118,-0.21906003963564435,1,2
-1.2178014108454012,-0.07896801689716827,0.0691005910859758,-0.835585126059447,0.004573771761991522,0.5057397114540793,0.08354625890854066,-0.26379880109851955,0.07576541444605298,0.05047219037311986,1,0
0.04570769123888465,-1.1642212078225103,0.29883648528294277,-0.10677141941326455,-0.13286533643631762,0.2743278567040192,-0.1426516593309007,0.3021357217218642,0.05677742053867776,0.02715914516028936,1,3
-0.9433945822916384,-0.2617536865812005,-0.8300358347397833,-0.29991911642159674,-0.5418044227473272,-0.07647100950862996,-0.18239276252257228,-0.44549377708951826,-0.08155945224569665,-0.13182926575562104,1,0
-0.4580580041809671,0.39321956087840987,-0.11797197713944424,0.7673365053812695,-0.2990594455085192,-0.4178880018211683,-0.3011783177715366,-0.12740963436575234,-0.007886470996733907,0.07237578984712584,1,2
-0.3790467406297127,-0.18528219113944794,-0.9696517333476238,-0.054164884903789116,0.4651164190441065,-0.6523560953790238,-0.16146455142616922,0.6009670696798068,-0.28522419271560734,-0.1494253920969575,1,0
-0.3478112376498045,0.7624734217086123,-0.19898105757588397,0.5058022468057118,0.8866121926684143,-0.04632534340179502,-0.25631258323882256,-0.28055100642846204,0.04493940533854648,-0.3894147741157234,1,2
-1.2161124889187183,0.07622149497421656,0.5969492439718115,0.5039327992806076,0.436695481454188,0.20162008910117485,0.7961450177194909,-0.05293408160083708,-0.1085477356587479,-0.16835299824792585,1,0
-0.002140846211711635,-0.8604665941684501,-0.06408870161027276,1.055175863869371,-0.17951983989061485,0.30076831455080755,-0.41316717530924096,-0.14769970714848038,0.07642393322323808,-0.2066691506702636,1,3
-1.1911493007631309,0.12941066607972562,0.6162927306573219,0.30861947082438296,0.43972754484719284,0.28001662078156714,-0.07350116076464215,0.12219763071922914,0.1509057776169952,-0.002952537933033558,1,0
-1.0737464844060205,0.34685941931637426,-0.19637437803423535,0.780336866397233,0.3345703421855464,0.4314623493919803,-0.21676178227333584,-0.0011291876828135288,0.14495860897261192,-0.04906622388252267,1,0
-1.0536698815478895,0.33337048326726554,-0.18373457912223287,0.7727368206891122,0.3245851508997516,0.39106445167354803,-0.22844145469850952,-0.014174172340320366,0.16175387241573885,0.09714312205050603,1,0
-0.07433974018284482,0.7033623585871039,-0.49835108971041603,-0.46231987438141836,-0.9073528454700561,-0.18011079811964684,-0.16372894042574432,-0.5576820775042931,-0.2185391324539533,-0.13317857155755178,1,2
0.4442875567917935,0.7655140959602621,-0.5391270487029836,-0.2242812549499883,0.19481537018456857,-0.7359995494918523,-0.3157851474996663,-0.10511407269887661,-0.22740241344743786,-0.10217356134784598,1,2
-0.07838712692401943,1.1885007567697012,-0.2814967281159472,-0.09856987910953986,-0.13484005390028797,0.39104193627640793,-0.13544684783324834,0.17563936618787387,-0.05909516180082095,-0.036364262397554505,1,2
-0.9629035901673711,-0.09602336051945284,-0.2557834139931888,0.815687213244141,-0.1447333593437322,-0.35495890214167275,-0.4063546467499978,-0.14566703303578715,-0.0416238216960734,-0.14866583712772322,1,0
-1.0363270918344412,-0.4566345639771779,-0.03632626131427638,-0.7613907043030717,-0.4064282713771592,-0.19164544191946553,-0.024311058422130247,-0.3128836727129183,-0.06510249697365464,-0.007156028996622809,1,0
-0.9573543019531969,-0.09450899709207354,-0.2530291459804615,0.8172531982113261,-0.14709460562328103,-0.3615170338530874,-0.39622506312080047,-0.1337768435543432,-0.02950488766985049,-0.12932095708762512,1,0
-0.9351508134564427,-0.08080790232433656,-0.25671666044487507,0.8167716226277814,-0.13025755329022942,-0.36005289444211896,-0.3888132231112784,-0.12607284956772874,-0.00926304565812087,-0.08506119395240297,1,0
-0.6087876547825095,-0.04225165149012062,-0.08050163317218151,0.8505555959533294,0.25607762407966306,0.6204779532796543,-0.20606575184155926,-0.04256019133805978,0.5666951494809703,-0.2726157977441303,1,1
-0.9520847400970964,0.22204604520568827,-0.6183674942609334,0.07098648684633223,0.22946760510247782,0.5061934068150057,-0.13908743788846561,0.2949990543173754,0.07708458173723032,-0.027250282160011394,1,0
-1.102138076231827,0.32776366666916407,-0.1668555583159374,0.751253170143543,0.30790561290891877,0.37948142321347345,-0.2768259716061398,-0.046903068529155,0.12608636233948053,-0.13145886066986037,1,0
0.11111201894391387,0.7990909373301112,-0.37974922368866665,-0.022160637485619198,-0.5583940842267879,-0.32820552428458105,-0.2293536989942242,0.12007818181616771,-0.17589151675228742,0.10781980280084853,1,2
0.8195835849237955,-0.12139747595324006,1.0543345789809244,0.4597793571245708,-0.42450169927092973,0.05482719546369202,-0.14811382640666665,-0.11483749811802997,0.028402383950184053,0.4913291819657813,1,1
-0.3988685273839619,1.0466794779291568,0.9967721418833788,0.10324794446392647,0.010432755569848734,0.10008969244396004,-0.15999136102438385,-0.0735773623620028,-0.047982884527704044,-0.18937883224211627,1,2
-1.115837991524245,0.32588076457745957,-0.17588795910047825,0.7651346155498324,0.30348613441082295,0.40430011075792194,-0.250156048095006,-0.036303196945252796,0.12313273434008971,-0.10052577168221906,1,0
-0.9914882421913949,-0.45828729072617597,-0.041498532179561995,-0.7459459923404748,-0.40208664426267815,-0.2062124367182805,0.027402436032617355,-0.27683495897655763,-0.016987431664080843,0.2063832972818103,1,0
-0.7984929954289504,-0.19357432223976534,-0.6972423979247626,0.12960398409704052,-0.22370089898699355,-0.24587362430159665,-0.2791941387364582,0.20292852392913996,-0.07507815692091299,-0.0010064355273620399,1,0
-0.8021090876621751,-0.19435645152923298,-0.695247672349821,0.1251443291503324,-0.22373982347497473,-0.2481900063288989,-0.2921055999885742,0.19185150999469297,-0.08140089915090507,-0.011105525150873131,1,0
-0.7958104319799708,-0.19822382305219557,-0.7569412670749114,0.09722544637027662,-0.35528136374527486,-0.32304645244269276,-0.21898231648459238,0.7533964908249403,-0.33517781638815325,-0.39064653220699747,1,0
-0.9277675278972336,0.22288783279998173,-0.6304693952428827,0.08594780030372741,0.2388823434070658,0.518180062549995,-0.10405057355333984,0.3012882404654454,0.10369700354022177,0.20777104669990165,1,0
-1.0353825547037276,0.3144371768305905,-0.21581897380115406,0.9827205193311345,0.3526250228590454,0.3333497679709142,0.6989727399453326,-0.14647364088778755,-0.03409175316319129,0.11507476048534514,1,0
-0.12836936285642517,-1.2415350256030946,0.16954473319777685,-0.5460092478460721,-0.45844953605197797,0.4475943500362788,-0.08179813535132446,-0.386573895467084,0.018426403381242518,-0.1444766535322299,1,3
0.5874577722550057,0.41410783746096486,-0.3838306588755088,0.03697413631330597,-0.874591283801104,-0.2958946640550389,0.05555501824427648,0.7403155767638017,0.6751863380765782,-0.69728544965667,1,1
0.35901391394593746,0.1465111519589466,0.3596148331040312,-0.8531976265942915,-0.9271196817154097,-0.22961734115157395,0.21067764769741845,-0.3526647378966553,0.9572801199051146,-0.4193601931153768,1,1
-0.90692691924789,-0.10682098896116532,-0.29540716388278,1.039154355225904,-0.10756343755212396,-0.41165537416445896,0.5507514862437118,-0.2291714121467642,-0.2183776497485705,-0.12302010447912792,1,0
-1.0805586544055397,-0.011705959956562243,0.20155945944149914,-0.4057675825109117,0.3175463757883134,0.3414198622069688,-0.029871879251360107,0.4094729822682808,0.04737776914463293,-0.08294412870904525,1,0
0.13890731133139553,0.6471887768623467,0.7122732577810713,-0.008890757611841101,0.3786957387061078,-0.9803531169645517,-0.28742303883315007,-0.3489513719071143,-0.18284292931649737,-0.1458699090570612,1,2
-0.2503114189009925,1.1039273059430468,-0.4056865880741679,-0.5312664499670282,-0.4754615654901886,0.5525808986350195,-0.058757802674762265,-0.4866305271375284,-0.0922185929741828,-0.22082571462967038,1,2
-1.0486480334018182,-0.46893763386948045,-0.022691653619241057,-0.7727108755527904,-0.42165442802472386,-0.21955667811089694,-0.04166272488180983,-0.32587675020681983,-0.06989819298130738,-0.05950102446444941,1,0
-1.066003462103471,0.012925390457559947,0.1866322994897815,-0.393506162010192,0.3423348157599286,0.3744523076020088,0.013629457267042724,0.4238296358750651,0.08529250444722648,0.0664691100649754,1,0
0.8366905841566848,0.09589631997252163,0.28313983501017237,0.871180909563784,-0.5553957299770594,0.17520108701521744,-0.43310029714433973,-0.31006945953192716,-0.07122290700063005,-0.2310722310931043,1,1
0.17291357379690867,-1.117601622102221,0.5726126842075255,0.3877052657695641,0.6871337837760771,-0.21805955562658155,-0.32012422828142156,-0.31370235878366026,0.04689411692025939,-0.09125965671621052,1,3
-0.9707873338049827,-0.2818506954253797,-0.8178239625000785,-0.31203346063247617,-0.5625910773258757,-0.09729008518573698,-0.2155778868275647,-0.4731844285513572,-0.11062221618259452,-0.22663532424732633,1,0
-0.479689724817321,-0.21568917255792253,-0.8940398328142699,-0.04149309246107139,0.5539881880195038,-0.5769841853166247,-0.28351446292667776,-0.008875980618922759,-0.11099264730284074,-0.10682001800896673,1,0
-0.394600339130537,1.0511252655822558,0.9868550172169154,0.10762246481079074,0.022413987015824467,0.11545839878988672,-0.1467170561645446,-0.07311191808468673,-0.04470284061694369,-0.18161223776580507,1,2
-0.21199019753415918,1.124554613455323,-0.4171356913255981,-0.5189202009082519,-0.453943201353855,0.5680213805977299,-0.030191102779412653,-0.449940592707021,-0.06462059910385948,-0.1434864110189799,1,2
-0.019510345271461726,0.8579296266090636,0.04737955813724075,0.8695661105029643,-0.4793728919441418,-0.5384580255195281,0.5325343274864941,-0.33387635463834436,-0.36827995539140285,-0.16539385294098533,1,2
-0.7123612593730285,-0.47933538959863836,-0.22617347265652737,-0.9341956356627636,0.3659609297892779,-0.5395708538621983,-0.018409258538364802,-0.5134227327876971,-0.08361461538763637,-0.10043434931899106,1,0
-1.0255522262652241,-0.4982117553030962,-0.06371392112774145,-0.5490041158093862,-0.4001128519295141,-0.26644090693897776,0.8972299019445291,-0.431979795745449,-0.28695458593159234,-0.11576491176362244,1,0
1.1451683480791737,0.06953587665088856,0.10259445009369127,0.6874690658727202,0.2083397996943783,-0.17932817288496478,-0.4694758534540619,-0.5389636425043821,-0.1135866947709836,-0.34067647303302656,1,1
-1.0838659794542336,-0.3113878069044034,0.562851602979641,0.3371066346684593,-0.04109840052274192,-0.5125039472629955,-0.2818502922329077,-0.0356118182933264,-0.03847308346093545,-0.08848098006830833,1,0
-0.9270474608008468,-0.249381058043068,-0.8370934630414849,-0.29936189670038255,-0.524022591153764,-0.0662156113505168,-0.17946987851737875,-0.44472402249443743,-0.0716044662468473,-0.0976545887392167,1,0
-1.2132778638132018,0.10974955892898214,0.6298618029181228,0.2965626189809643,0.4206228940211659,0.25723213528431166,-0.1029512561047002,0.06746120798731009,0.1448573546791698,0.16329740757533126,1,0
0.914565434076319,-0.25030645881641717,0.5163768445108996,-0.0642028732686652,-0.6194832690666751,0.07752000882685228,0.8762968130875632,0.6316074444043233,-0.6030687257786858,-0.5054319377208628,1,1
-0.07687413602365688,1.18787128204853,-0.26372052921835565,-0.12166400608785552,-0.13714092055854216,0.355931316394518,-0.18366548351989156,0.145215479003208,-0.062134864030875654,-0.06625853010085508,1,2
0.6820344546411271,0.5222823016289826,0.34253205237617806,0.8292665374484801,-0.09066003453432946,0.980183829507197,-0.29908799887416754,-0.21601952921362946,0.0501985912330925,-0.21363926236678948,1,1
-0.0911592214630896,-1.064958144045204,0.7312500930261229,0.5993240678384325,-0.052065293287913775,0.17567853144396112,-0.2299402868168681,-0.02381731516923798,0.11976058819566375,0.13887761249115055,1,3
-0.11657539805800989,-1.2841407374162284,0.15251503033938568,-0.34743601261629214,-0.45357829335307503,0.3518437034337023,0.8097463484708879,-0.5240234676898775,-0.20710958627740894,-0.27744491184672637,1,3
-0.3542926018355469,1.0722488557073542,0.981968105472321,0.11643016165584454,0.038750320072042946,0.12187873127318252,-0.13348151088272078,-0.03686045775616928,-0.020474013976035925,-0.10050305956495467,1,2
-0.05317516966008449,1.2039555565990367,-0.2734985953799403,-0.10734562331177665,-0.12452455383347537,0.37472842067079803,-0.15195869873024614,0.17856938403488612,-0.038956684590169724,0.019658058529316978,1,2
-1.0045383783308197,-0.3450361716511341,0.5030725948619211,0.5866852093081221,-0.004361139453926659,-0.5574598241260673,0.7336133507943782,-0.12041705793741703,-0.191744956284375,0.2822420954500382,1,0
0.3212501301703625,-1.211014098299517,0.11407020106457691,-0.2881933120489221,0.6171191509141541,-0.07055910748235983,-0.17993556668316615,0.05524036802012276,-0.016904534591100268,-0.17134410887649712,1,3
-0.9747146855005996,-0.321795119534697,0.5148333705354369,0.40896401691428313,-0.01642269125360862,-0.4852816315497868,-0.08719919812552358,0.03868798274932495,0.09331387802406099,0.7964317632542706,1,0
-0.7370331198090507,0.09857314213827305,-0.980160513139771,-0.31514526467464343,0.7112964553527915,0.27046795179365013,0.8781168673794223,-0.6983663071701426,-0.1608256239001222,-0.12114735587302589,1,0
-0.35485939306488745,0.8974877624315198,0.4103616695271489,-1.0140002695800268,-0.35586668993653764,0.39032008379164485,0.07523280795672976,-0.37668419642941586,-0.06742435400792338,-0.14140218489795117,1,2
0.4825103310722292,-0.975114716510773,-0.6940556121532574,0.17213745418606793,0.5360626640622257,0.053642474767971036,-0.3194946603217585,-0.05693003226446485,0.020954267460170244,-0.18030266978018408,1,3
-0.06038703212616635,1.2017165834012997,-0.3018134304918478,-0.07803698245332469,-0.11837104451651895,0.4313636652708627,-0.10671296879794388,0.20453294305091277,-0.058136849406728724,0.016472143435500474,1,2
0.10467776436262691,-1.2267578851481624,0.2514546772246146,0.1306129663815549,-0.1181143062326466,0.19974897009690817,0.8417531265255324,0.16619360704255504,-0.11317530327940865,0.49091774086286427,1,3
-1.0061860501482005,-0.2935061610982011,0.5393084246087755,0.3657326535345974,-0.010604260361998047,-0.4951099704341795,-0.21902152747625536,0.023390420455876505,0.012709826764906484,0.1720884753336376,1,0
-0.8583775004024838,-0.131422626272644,-0.3142373385884451,1.0729677383001828,-0.10940836206857445,-0.41382810509682566,0.6379000744279528,-0.22140388688688778,-0.15651599059132829,0.46260464059896106,1,0
-0.7251964535914494,-0.19623891737962804,-0.7954349427786208,0.14837526691226988,-0.33216660644704304,-0.2842836838987417,-0.09921239974449303,0.8161843110158693,-0.2690368735789109,0.07025757310752548,1,0
0.6890645101829693,-0.4548942739799716,-0.45926147037713233,0.31289073734718076,-0.5175037929379357,0.3317602979328569,-0.10067176586431828,0.8229696994999124,-0.21687197155152663,-0.43714926286493244,1,1
-1.1733136096066235,-0.06889612910283603,0.03247581503143342,-0.7870798626999027,0.02506353348516823,0.5586258078917284,0.19933411608772045,-0.19562992180766195,0.1288761943151905,0.3553156867059279,1,0
0.28563347500496084,-0.6648526550763716,0.8759020834545566,0.7135857757080352,-0.25837957952833207,0.015836854565664072,0.6406139102163028,-0.2307656721669295,-0.22575067464972773,-0.43188604494994354,1,3
-1.057920078011749,-0.2985032337122865,0.5534168535954515,0.34831962428746854,-0.026375835150610746,-0.5024856694217897,-0.24435290055447173,-0.003478354105145997,-0.009079265380772342,-0.03094480649481598,1,0
-0.18728201450364815,1.3169579500988442,0.16313771844718628,0.5936312976626279,-0.03790994166378936,0.2716664206622458,-0.23744015975230848,-0.1222855980764489,0.03082867207752647,-0.03461096334798106,1,2
0.18842238679540071,0.7750743278852885,-0.5081148514215155,0.200955663060964,-0.6424264199990158,-0.4258346047550816,0.8631524840579567,0.6129207927579916,-0.5931155219639842,-0.06904858799379791,1,2
0.2141043986424478,1.1481902415272642,-0.46116269981948327,-0.28513619760130043,0.6204653071011572,0.030728071612392795,-0.17454201981463513,-0.06470576569195996,-0.11560980010691271,-0.2175460212940761,1,2
-1.199023734486828,-0.053153982953005996,0.06017322879056502,-0.8305742411706476,0.025154281304724097,0.5299601776881221,0.08341835712970692,-0.22791133361778304,0.07217150584502423,-0.0858387881527757,1,0
-0.961472197204211,0.21989586301879524,-0.6069324084142173,0.057506538468166474,0.22345982919933635,0.4900785429517153,-0.1731769356261503,0.26998012122644116,0.06760434958795211,-0.037711182993097496,1,0
-0.7299195754998383,-0.0018598117494474707,-0.030087392768444837,-0.5489437550346616,1.138727348082346,0.0717985972360652,0.04696182922972554,0.2357917208327281,0.05832447998143478,-0.029474602514244254,1,0
-0.10550598152272234,-1.1250642031740405,0.7056292561536973,0.8098538659359257,-0.06020327752059933,0.09578682552210466,0.6906313499279103,-0.15634151520905445,-0.12069936775736319,-0.04928702927645312,1,3
-0.294474930915578,-0.6584551293018018,0.8214400115181703,0.5207559494009605,0.38754041727840643,0.92336332672641,-0.1403967878861995,0.03201611613307396,0.22428359769502396,-0.15496933528027376,1,1
-0.004024551400771709,-1.1940935628233231,0.316867103675527,-0.12811180242044268,-0.16266228497826188,0.247800471431053,-0.20144455339224776,0.24550616877143347,0.007127229308351673,-0.11032921618931557,1,3
-1.0216711071396676,-0.45056198481608295,-0.037941468147549305,-0.7594385804792938,-0.39907514143651335,-0.19527427561625935,-0.006501855962465742,-0.298775492391442,-0.044656042482345386,0.017678747306066556,1,0
-1.2634620088300084,0.08665659265919355,0.655206134831523,0.26791180017404964,0.38998876787277803,0.21885991572899569,-0.17100445458949468,0.033913214780521395,0.09017589016686801,-0.1843563476946806,1,0
-0.0623248937803055,0.874547054649004,0.08908031600314985,0.6485851855622751,-0.514172279907777,-0.49078758242674975,-0.40020813424536533,-0.23073508765162065,-0.1630060126691553,-0.14705921840497152,1,2
1.0277654573242352,0.003412826482439186,-0.23782830747806072,0.1780375694351531,-0.7551139956655327,0.2432885543752897,-0.209928681702158,0.6352825529341225,-0.36448842672772586,-0.43938696760615065,1,1
-1.2363544615609239,-0.06984883939238012,0.0731676794224514,-0.8438268150623944,0.00505688459371728,0.5136757844133247,0.05739777144385621,-0.26499658453433417,0.05301215077711115,-0.1326651024601843,1,0
0.2115482155655286,1.1481892517231513,-0.4621952116264748,-0.2846902100180461,0.6209718150459317,0.03349087808449653,-0.17260842231732612,-0.06676618366901453,-0.11567843965291806,-0.21382280159678546,1,2
-0.09491673785959646,0.9922090373016895,0.49371357465197996,-0.5245555686544917,0.011886554461419268,0.27432844001369167,0.11278695827563232,0.3655271641318269,0.02919797719953335,0.5278355753663205,1,2
-0.7786294541766355,-0.17933559019940995,-0.7150116643378412,0.14690399820199587,-0.20520313859226252,-0.2149802351352008,-0.23934811752457877,0.23175845528267267,-0.05718771953997447,0.06442569968365547,1,0
-0.8347156946176206,0.27904034387634163,-0.3373248215839728,0.5544276360976824,1.0506957862273878,0.012244864417187624,-0.34796552949009246,-0.3181364516614748,0.048132737506677875,-0.33570167979615073,1,0
-1.1282324769402947,0.31978726792828505,-0.16030361914997476,0.7460270399274557,0.29465043101628513,0.37845854362047715,-0.2953076294406399,-0.06982856310007668,0.10929563853968158,-0.13836819052618463,1,0
-1.2755722150656683,0.08327904818821263,0.6652598210894223,0.2598676579026399,0.3798649441707692,0.207567287626318,-0.19413324927635453,0.01803053230052083,0.08186905013616007,-0.18361934131384933,1,0
-1.2485581719919214,-0.08419972232781618,0.0761377733546636,-0.8442801720843177,-0.008921189521810428,0.5076713423344256,0.043607038490238,-0.26822449069763477,0.028432496358913845,-0.20954651504599203,1,0
-0.8832658178222865,-0.3914233688456435,0.11140700734732858,-0.34750309364301596,-0.09202234072022147,-0.3988678463692264,-0.1374455597577618,0.32824797986319865,-0.04472380269035071,0.09263885519672209,1,0
-1.20301429928387,0.110556466273076,0.6089552875301343,0.3232346607908162,0.4266788554091758,0.28976037251878806,-0.0399597006620475,0.11307516880409799,0.15658650715537925,0.17879014021830897,1,0
-0.26965509366599266,1.2710959516570497,0.17243303203307636,0.5874813823496329,-0.08399741662129591,0.2681767908826116,-0.2630880945152361,-0.17310257702381182,-0.03330237425553108,-0.19487044865650147,1,2
-0.7090016394179958,0.16280699240947152,-0.955930620877636,-0.5188299849842488,0.72210691299033,0.3447438818380759,-0.0033150266937023417,-0.5380902819443942,0.11215796941667677,0.10586444238089966,1,0
-1.2087781799542754,0.09939654140118151,0.6205168938328217,0.31133830979118626,0.41633829235803477,0.26159381118734476,-0.05846416462392891,0.10104396717361232,0.1516718447011715,0.11272876253049825,1,0
-0.3622701065660635,0.8965945765320055,0.3914742303858759,-0.9950858835271793,-0.3514623641522882,0.4299643863185302,0.10337396248653569,-0.36330528961096287,-0.08122120247356539,-0.1370561291407631,1,2
-1.0431871599730447,-0.4640402988430071,-0.027056600033648154,-0.773198157064215,-0.41245066229183663,-0.21255881279336328,-0.0443453844598575,-0.3303047171944045,-0.07018243516796549,-0.053439540536132805,1,0
-1.0406258911926303,-0.46412157198349485,-0.01829229045559591,-0.7811163267263356,-0.4156576303518841,-0.23046772343699806,-0.055729634648894265,-0.33504427475183296,-0.06380722024186498,-0.054233051633418794,1,0
-1.227372315184484,-0.06547374506898083,0.06080585127044353,-0.8378274100222673,0.019161573699737963,0.5313417387329165,0.06981100066918008,-0.26068511383813814,0.05231148356368418,-0.1398118193904372,1,0
-1.0773156797721122,0.004017290121996958,0.18913848329211752,-0.40086945180370187,0.3384373430081592,0.3682204386825957,-0.007114247292927811,0.40385037127783924,0.06672307837429049,0.004652626814626176,1,0
-1.156506645554015,0.106629224739838,0.6056811001483143,0.4899937745340134,0.4674510964727215,0.16685619235238647,0.8020770146939539,-0.034023340129610585,-0.042639267489697714,-0.0680381136818841,1,0
-0.862649470552593,-0.25609044865528224,-0.8764052878563604,-0.07902233017425976,-0.48055169347650345,-0.12705028614666886,0.7751527205015324,-0.5293819554437678,-0.2417813700950733,-0.06714390300690103,1,0
0.8536421889499762,0.2086144595092389,0.3043510555442878,-0.5977014376687676,0.1735254309079213,-0.7450773681548366,0.09497743954851307,0.10358874269706261,0.9455413028404664,-0.3288133743733921,1,1
1.257663835445176,-0.22490729829930503,0.4333936542201763,-0.4421525988766304,0.2872835407835937,-0.17822287683645763,-0.11579864964578965,-0.036073841527182,-0.08544644272530438,0.11181870972584375,1,1
-1.1086563473715991,0.3264937828688006,-0.16575839317207505,0.7497724368852963,0.3052870835523296,0.381878137283996,-0.2874995878210714,-0.05504740251998686,0.11685116382865456,-0.13441153992239635,1,0
-0.04075048685040351,0.5560027559418455,0.4426462016964759,-0.5047813105261354,-0.4778582711104633,-0.49226898242971295,-0.1368607902979464,0.208659087668656,-0.22454990574882056,0.01650416937700416,1,2
-0.4063768282964603,1.0454179157504953,0.989066057303579,0.10614595114093098,0.015636163158091385,0.11433205867988676,-0.15204127733391334,-0.08115763694314555,-0.053146076297727246,-0.19802600208323373,1,2
-1.0012315677067412,0.01619995848451682,0.17214708655076016,-0.3706997575513759,0.3601160276497886,0.3715090175164676,0.08130928130666036,0.44610534264246743,0.1566663071992327,0.5321436564378543,1,0
-0.17401355538240512,1.3470113797379126,0.13522269222345257,0.6152308881976686,-0.01605420648509608,0.3105201777272738,-0.21131026224553695,-0.09216090819405881,0.103982330494223,0.008622515308414725,1,2
-0.8725519955578848,-0.21753042609919176,-0.8618331755181676,-0.27106694035366274,-0.48909692317764986,-0.031236163346658546,-0.09620075117236719,-0.3753267164664746,-0.01080700049366134,0.05335890056927312,1,0
-0.358691373167835,1.0545250708898521,0.9770130278596841,0.11951505202674172,0.03581165092349225,0.11672956489379109,-0.11021296772161776,-0.06160143592099753,-0.0072363936720479995,0.0508078145312802,1,2
-1.0407745519620846,0.020197288509864242,0.10120514952656368,-0.39533484866836943,0.22592793833931718,0.3444479443993971,0.12785988313671595,1.0247858179652372,-0.1672131132411844,-0.26768771729994895,1,0
-1.0709736619266081,-0.30534237927934393,0.5591171683680017,0.34100849923672605,-0.03369463812042332,-0.5098789844969982,-0.2664660526673071,-0.022142125544214925,-0.024473130320661573,-0.06497442464256317,1,0
-1.0560375300791536,-0.30097346921251794,0.5595500898484792,0.3394225910871142,-0.026876535179925554,-0.5187327451935284,-0.2585375994925261,-0.013198228567749421,-0.00881007688252367,-0.05999504420985727,1,0
-0.16545469249871447,-0.49507075356568403,-0.6799754571662882,0.2507095764684954,-0.3137979774621168,-0.10372580622848568,0.03486182451145986,0.39241641963267226,1.149593386016122,-0.17911894028264808,1,3
-0.14602981144752514,0.9994943036515019,0.5235013594580641,-0.5580682326807943,-0.006715468025345433,0.2501854026340421,0.03530501005624539,0.3453496829041927,-0.01393166726237086,0.13130285444986345,1,2
1.0312166017395394,0.0085243653318829,-0.264256226749365,0.20119083801674964,-0.7373213433739164,0.28633041414949284,-0.143283514239353,0.6609272119646511,-0.347647130391824,-0.40444550115215483,1,1
-0.2183424526533076,1.2881921528411742,0.14415654722887233,0.6174960972613378,-0.053101836928968756,0.3036759157802159,-0.18511673525511071,-0.13500714732021396,0.020814262970499823,0.10845057779480377,1,2
-0.38790869301285685,1.0524833523129198,0.9828399719667532,0.10839638540200708,0.02933910883864408,0.11662225220658211,-0.1375537684603117,-0.0699579318790725,-0.03851938204249925,-0.19077007817184272,1,2
-0.1778548959336489,0.9817684163352309,0.5234367796515949,-0.5635308374414604,-0.016828822032365298,0.25091425210056195,0.024758659753204845,0.3153728399642709,-0.039183045635779394,0.049882313422349056,1,2
-1.0727315855354804,-0.30534728585576887,0.5514023743664647,0.34982426124770355,-0.03228458294814866,-0.4939871164407209,-0.2512462457396455,-0.013053881680007045,-0.02740452656066864,-0.05826974116762587,1,0
-1.061347372605257,-0.4799469740862857,-0.01485368302458094,-0.7803172734661286,-0.43296565573727963,-0.23489041980522302,-0.05914181653240573,-0.33956117625908183,-0.08276564974285298,-0.11365916568955536,1,0
0.8333133333560729,-0.3022407057877507,0.4710284229694477,-0.6513169584941312,-0.8199006187218293,0.3381109404408845,0.0983850823576238,-0.44395497493225444,-0.0018849269282443656,0.6691593618751966,1,1
-0.01044794144221041,-1.0314985516580557,-0.637721305817398,-0.07067023033887582,-0.5760423487542308,0.5840068514403535,-0.20551020213626278,-0.4892326667666465,0.024034963427460622,-0.20414738268647764,1,3
-0.5952757232617483,0.011843398856176112,0.11572153277160223,-0.8269989293778315,-0.5891014475034106,-0.2625511356480441,0.03246963313560215,-0.3278964508160459,-0.09049775787827194,-0.09070923163858995,1,2
-1.190337677062339,-0.04500054078910452,0.04472285706871747,-0.817397467756002,0.03838823150111325,0.5593320589281658,0.10614042389428993,-0.2135845694159223,0.07373370904565106,-0.053934014968120926,1,0
-1.0624360533598913,-0.4794947847117052,-0.015535896051809134,-0.7758212226032971,-0.43596046208897465,-0.23100914091481792,-0.04984653324646135,-0.33114237774252975,-0.07963069239388644,-0.09469027946976427,1,0
-0.9935764120920243,-0.3382714128303858,0.5284924373768752,0.3954591650018977,-0.03385410429546818,-0.5119343837904673,-0.11725969940773835,0.01584030979285174,0.07456548207113183,0.7143823802274258,1,0
-0.9935764120920243,-0.3382714128303858,0.5284924373768752,0.3954591650018977,-0.03385410429546818,-0.5119343837904673,-0.11725969940773835,0.01584030979285174,0.07456548207113183,0.7143823802274258,1,0
0.5498691938512891,0.7799975164693913,-0.6057551325006648,-0.1494412303570816,0.25128212520078536,-0.6667064448202914,-0.10126386444232616,-0.024052069745647945,-0.09208646790248548,0.6596011536527933,0,2
1.4216445252082637,-0.010880164662527463,-0.37688399013179397,0.0471992748382617,0.17219502817097218,-0.045980398198769167,-0.2307355074175377,-0.11234201793526198,-0.061303337347311235,0.278045946221137,0,1
-0.39323712507118785,0.7102780593851827,-0.4991190200676492,0.05416721879642831,0.08047471054811155,0.4599866509783691,0.0066358040882313766,0.3691122257338662,0.1218967851657995,0.37630394222056834,0,2
1.0525578553646486,0.005099496650041866,-0.18524850682424573,0.21554430042175357,-0.6118115714281307,0.312610629293993,-0.23959725734859744,0.08164128903418108,-0.0698661081691398,0.14504445238547517,0,1
0.9677040497127789,-0.5373247801250743,-0.5786721721751193,0.3329971493323811,0.36680897172359733,-0.07160154906875647,0.640777113312815,-0.15667815115627615,-0.25028535323937373,-0.37383461529109724,0,3
0.8265260643700916,0.47593647467044664,-0.10171276934412364,0.7864621283568458,0.1524242744736377,-0.7711457050557874,0.7864786165902329,-0.48558826106612435,0.7788289309436797,-0.3981758475919124,0,1
0.31304439945210766,-0.7807999753237255,0.3268132370821867,-0.613716068005345,-0.6509769506801556,0.365936348590943,-0.04453884209306764,-0.39925136764927627,-0.024756842880412668,-0.28289237561697744,0,3
-0.019845851797258188,0.7320008188748922,-0.5066874486404338,-0.4534089779493453,-0.880192953354722,-0.17125834450160732,-0.14849709617231038,-0.5169724250201672,-0.18639068496679145,-0.0370854293039894,0,2
0.062295442933601286,-0.8633196635286081,-0.07669606626794472,1.0844040533421018,-0.1743107047332433,0.29767382765303396,-0.350045284731869,-0.1093036275255442,0.13269518675087935,0.23404836598224063,0,3
1.4103099947472642,-0.02044211163422209,-0.3737599073669496,0.04396998136289056,0.1642358343125238,-0.05344588245800552,-0.2360572699921518,-0.12057071391355273,-0.07057184281600572,0.23313074967222602,0,1
1.3485568223283586,-0.023673725313019946,-0.33307444347133375,-0.013621246337299456,0.14502195062867437,-0.10415041141035311,-0.3685575901522911,-0.18776193210802383,-0.13899237343077225,-0.26876544419657067,0,1
0.41887713620405664,-1.2379975690735228,0.06471722304610136,-0.04837251827233225,0.6549584720330309,-0.13521297763503745,0.8021240658797577,-0.03034581563570218,-0.17127592368299757,0.20206824896858855,0,3
-1.0339360004535825,-0.27724567726372984,0.5287349561789348,0.3689414728696081,0.0017579974592266795,-0.456204843800321,-0.20253776129374124,0.024011096566650778,0.008111732502850641,0.06075924085490187,0,0
1.359055054021848,-0.01971743368824872,-0.3401427589587102,-0.004174234200138531,0.14935875909448793,-0.09236586218639875,-0.3524452916817871,-0.16850564785063782,-0.13557449761936707,-0.25394854816740886,0,1
0.9974973027119269,0.421925326264961,-0.528190542321123,-0.10410830776956954,0.08137171284014269,-0.5792932542270419,0.024066178890308234,0.001366792546278271,0.9810611904224373,-0.16494023513444617,0,1
1.247644239148813,-0.23414158081406533,0.43136975283697887,-0.4390708121100378,0.2785959052610693,-0.1705012068075183,-0.13237130548611226,-0.039534673314807145,-0.1156056740513404,0.05540565809910006,0,1
0.9358412809855122,0.4047654703919127,-0.11846519834802441,0.17918811315652106,-0.15802964180155032,1.0571713025849638,-0.02927861097456333,0.18454765923659422,0.1362418443836441,0.5127119829438836,0,1
-0.951323441262916,0.22958033126454822,-0.6278462888761386,0.07902563083211761,0.23755844627435138,0.5302768100478388,-0.13089580094336273,0.29785237581324664,0.07456344031492962,0.014883001799967426,0,0
0.883984220972519,0.0972787155793984,0.27590650477932416,0.8933432133513239,-0.5548309773028447,0.17477650296763703,-0.39696203795709134,-0.26591516235467055,-0.0428885994242559,-0.003937883504095857,0,1
1.0605756502169519,0.014672702209352443,-0.17666120991471942,0.1998076829408769,-0.6051095794539679,0.2961236212649,-0.27931128096358865,0.09004295599017369,-0.0880308881792815,-0.09645640890911593,0,1
-0.7571292661789214,-0.18659515925373607,-0.7044824430025215,0.13332201037971753,-0.20343123570577512,-0.2524516481632999,-0.2568661872708508,0.20205998638257439,-0.03501426032464806,0.22737370388785402,0,0
0.3907330505743555,-1.1937246230485432,0.09924106485032361,-0.2698697588443786,0.6441175721024432,-0.06606188510035728,-0.13482601177830109,0.09534268292224338,0.03529304986496693,0.09607118636452308,0,3
1.3971918515416846,-0.008913795790380135,-0.36411101354694353,0.02104813236602658,0.17307543063769734,-0.06169327225685113,-0.2876644142474221,-0.1446099899762926,-0.09230407998996144,0.02616760666814739,0,1
0.7319305513030328,-0.134302019832582,1.0764977703172656,0.4244781781268817,-0.4500020024320946,0.04623765721661257,-0.23873785654508176,-0.1700932187786446,-0.05596847559152558,-0.013991745735627507,0,1
0.11266772540449455,-0.9818816309060165,-0.48297525426041055,0.33502634461977515,-0.27842903061346513,0.3723468865472462,-0.3539999178919736,0.12107153308349498,0.008387636901948995,-0.17325324547832496,0,3
1.029270360577744,0.16109758667212906,0.5370563744808071,-0.5236997345132344,0.6943401425136342,0.5566856798914683,-0.07015053179265847,0.01105678536700043,-0.028307079661808465,-0.2672501550715667,0,1
1.4256586844205201,-0.028663442937484802,-0.38009531951663994,0.054299267146993686,0.16458276213454903,-0.05475600914075876,-0.20611981006723995,-0.12034335589929397,-0.048347130908902775,0.4281643407342571,0,1
0.9494465477821429,-0.20650716570149955,0.6330241049494864,-0.26939722272479766,-0.4959441415220624,0.14278037247921976,-0.11610301063182765,0.19153457552338024,-0.0547225553640179,0.1812478048073174,0,1
1.4149100260227867,-0.0183992081199413,-0.38529833743307207,0.05495946218690134,0.1703229893190664,-0.03214816198430243,-0.22136523289496632,-0.10779618550885203,-0.07675315226893956,0.23330402880814083,0,1
-0.010903885714889304,0.9022310433889299,0.07244858430283721,0.6704036224159381,-0.48797760327343026,-0.4667952896433017,-0.34804727621746123,-0.17042838083887982,-0.12034737501928106,-0.02683003942818057,0,2
0.9775507186015382,-0.4873039440816162,-0.5706392212477879,0.14134221684520462,0.37558148705354677,0.0314288018463007,-0.22962648222388682,0.0012073316514941478,-0.010788881551371119,-0.23204937636415984,0,3
-0.12191319808843026,0.6844020135395728,0.8784083030135297,0.19779527608903247,-0.3735994295177227,-0.611094819505118,-0.21685742465042224,-0.053704285017031374,-0.12948891764284512,-0.028417158145520222,0,2
0.9479783140931416,-0.25612676039310484,0.5778550366065274,-0.025946768869925647,-0.4870425053774247,0.12432424788667736,0.8611717075601342,0.0694261315868708,-0.2767077435763352,0.31228712968815814,0,1
1.3089342796358694,-0.22050253777390041,0.42787751128625906,-0.42907428755736265,0.29658368921644856,-0.18689350773780977,-0.0894799900870065,-0.00721190604228271,-0.05116747945386892,0.3318548965378135,0,1
-0.18542010874584264,-0.5271730681860642,-0.6751012602074602,0.2539748230486614,-0.33808650700688775,-0.11981312117825382,0.05080840613122966,0.3388390097072643,1.166120289846133,0.1914641711685532,0,3
-0.7783161438868873,-0.2008649900992469,-0.6961253702618999,0.13268384604737354,-0.22484820939587985,-0.2626894947594178,-0.2624894771448236,0.19915565129178878,-0.048702689026727954,0.19169941655021197,0,0
1.3893305556671958,-0.013581180524932051,-0.3678644055368469,0.03262201123945425,0.1627411727056229,-0.04760114049024143,-0.2775857265219428,-0.12930249853005824,-0.10464604135314562,0.027995869668503134,0,1
0.5055502193154889,-0.9635432778263868,-0.7047715337640138,0.18385582860911842,0.5490831775800559,0.07084142190226844,-0.2999333929389774,-0.030403401722275857,0.03091407655275305,-0.14160836931848425,0,3
1.2217185976411302,0.05969110937733383,0.02913633783042983,0.9425303472703929,0.2639801011577898,-0.1857423358188719,0.5443682068003732,-0.5757646712852131,-0.29910174221389507,-0.35559852170924816,0,1
0.5917686863492295,-0.06888348184213654,-0.3083786423711829,0.3007862907645481,0.03979952553775315,1.0973524826993586,0.015307234164261519,0.3749363826690808,0.25278038694756416,0.4522340175008091,0,1
0.34201690364472953,-1.2165698347619986,0.10745642271294267,-0.28027646655460414,0.6220740481251801,-0.07289034556053355,-0.15706775414130292,0.052366062629417,0.004690438241440304,0.020901370140533063,0,3
1.3533906896494523,-0.025897685745566876,-0.35832553591848376,0.019900105343869278,0.1494751687429703,-0.05766785770668984,-0.2965774979385477,-0.1690223539740239,-0.11682047264936166,0.003287000090885914,0,1
0.9057604867247135,0.39944679466665656,-0.10974811256652536,0.17309080518197742,-0.17711512444646252,1.0614148758413724,-0.0794134401216859,0.1857691211404416,0.07848384449099863,0.25522094105010085,0,1
0.8117780856020766,-0.13118630778239482,1.0702541182530252,0.44256509188710497,-0.4359707775241571,0.022512065807657047,-0.18450187144443791,-0.13740481355404122,0.01797246646994408,0.42992896575543277,0,1
0.35055841208198196,-1.2138255819287613,0.10364536281391283,-0.27145675238762784,0.6228943668599064,-0.06839707991334283,-0.1310495449881943,0.07509668426567084,0.019084518999190222,0.04732654074640143,0,3
0.85988565826581,0.09026095684121832,0.2721857928343603,0.8899831472143118,-0.5536051341462148,0.18090145356131412,-0.38324623829272664,-0.2903443874840901,-0.0406685340773499,-0.01695509098407358,0,1
1.2878036070423806,-0.22193724189606787,0.4364509881739346,-0.43241508472658624,0.2792015065386104,-0.1837732797548137,-0.13107049904397347,0.006101792404607132,-0.0993066350354655,0.09542411177544978,0,1
0.8873691537316414,-0.22526067479360912,0.6511326065002819,-0.29332431225485134,-0.5229510320781147,0.130051790255774,-0.18895234519411566,0.14607728099705353,-0.1230296938775374,-0.1304732541422563,0,1
1.153977833464454,0.3822392715774154,-0.27977389436088923,-0.04228867301808941,0.5901265809981014,0.7144250383431243,-0.18340562823740267,-0.08896595215694625,-0.016853618553726135,-0.27452891028824944,0,1
0.47643548082808934,0.7323804858469793,-0.5981409208973065,0.014222081229783228,0.22985421807180975,-0.7637569142345002,0.679353613269412,-0.21841515282107185,-0.41068308702065365,0.06731633103082742,0,2
1.201201652767657,0.3533272859188893,-0.3004676398613593,0.15480932459863692,0.6127065525667803,0.6191435824776723,0.6854580947501595,-0.21555825723466204,-0.24590171677753797,-0.41119326576028264,0,1
0.622451893263043,0.30817186289898246,1.1573341445608551,0.359130617312244,0.02911769380557386,0.7881054390645185,-0.10435041405444705,-0.06633630783856734,0.13214024746793618,0.05018398704128025,0,1
0.5947197310533442,-1.0077989666130143,-0.7630967581184773,0.4403445848550153,0.5750354124632215,0.019960630098085023,0.7136288081793188,-0.12149149286074368,-0.12123141539962362,0.4155728384226166,0,3
1.0981015975777417,0.02394874562356498,-0.19057698866995354,0.22147231652249527,-0.5921122835756911,0.312060560586225,-0.2264911687725674,0.11705488610307561,-0.04431799502770926,0.19231491328903202,0,1
0.5088286808733473,-1.0371606227974972,-0.7366334079992934,0.4075207796944402,0.5371219007457755,-0.007949524885809005,0.64161234754559,-0.1881700511279816,-0.18556759724435665,0.08525863572577334,0,3
0.9606226119947079,0.4125907007497342,-0.13238515529544745,0.1980605414753237,-0.1521662466043454,1.0874384081411579,-0.034251821687250716,0.21946762404285375,0.11048764928508978,0.5100756568253805,0,1
0.9109078195291396,-0.6855505546609092,0.25292146289988,-0.34056427730403016,0.49461924520828426,-0.14997588927268757,-0.11443988974283897,0.1448238117306102,0.01660572572701718,-0.15423418096530755,0,1
0.1690741515110734,0.7629046508417741,-0.5003954418709926,0.19975955537802512,-0.6635417836998202,-0.4279728683652006,0.8289717536014642,0.6034469479609668,-0.6301027502598922,-0.1161804657348068,0,2
0.8797812896813091,-0.12728221798465428,-0.5374783007645064,0.3228951592438263,0.8394819979998976,0.7137969943249175,0.8939779337151205,-0.00768819319602686,-0.04224982214573542,0.01009902923426826,0,1
1.273669150526515,-0.2284739762198733,0.4472580473940024,-0.44779241800551844,0.2737232036498221,-0.20436517248185473,-0.15491028340809002,-0.023223073859460812,-0.10296121688948254,0.06416490238197185,0,1
0.8603225149277236,-0.6979137363552491,0.24688089360124493,-0.33465589608985724,0.48293492321308057,-0.12577194308414816,-0.08314812894567032,0.11978995111765245,0.013318338557961705,-0.12925219346768896,0,3
0.9433924694690913,-0.040229094336765324,-0.3167781295321759,-0.22344879131787193,-0.9038587942077237,0.47156020482176697,-0.148621132186294,-0.5660815860355642,-0.04323599803892187,0.08451709570585421,0,1
1.2090443870744734,-0.2501865823714157,0.46926624776107306,-0.4789241318612359,0.24782461117606291,-0.23143261685864575,-0.22267932227069867,-0.0775827988263361,-0.15869262927719874,-0.26235544306772657,0,1
1.0162063499097969,0.0026189690248250414,-0.2646995880309089,0.19777599733234655,-0.7399818343189908,0.2899442986050928,-0.15423046479465113,0.6424949121745839,-0.3620840705591818,-0.4329274644145255,0,1
1.081607547583042,-0.11897845594786839,0.8876952277663925,0.23759622928899066,0.35348938398911794,-0.29010056201471013,-0.283846523583236,-0.36868330272183775,-0.08185756844562853,-0.21369530243755594,0,1
-1.057056398295329,-0.29506726484723955,0.5598609957434391,0.3372283718683962,-0.02317638147962658,-0.5129177693059652,-0.2699923781414439,-0.02259575844106255,-0.01110312317330011,-0.028183295184713766,0,0
1.1322570456061298,-0.03281278399186355,-0.24700358691993812,0.459948906315059,-0.5694960323646435,0.26207554344714795,0.773951385420419,-0.01353259339056954,-0.22493526972029165,0.46608700808229503,0,1
1.3531270034070395,-0.02962968427877315,-0.3779938712737708,0.03706747584949942,0.15771682279013685,-0.028311779011501,-0.25524039927652636,-0.1504768053020619,-0.11909384559677985,-0.02356929229206246,0,1
0.10192550498249872,0.3085869169061351,-0.7587385717247015,-0.09457567515047287,0.4398887220150957,-0.6553719256958582,-0.17808650464070508,0.04314474912271351,-0.02917804696785858,0.19187563426193913,0,2
0.25150751468279503,0.8156260339659225,-0.4150373992095183,0.027624156885563977,-0.514218566626984,-0.32256260958065963,-0.09517119912333326,0.2025643981164305,-0.05049016107281039,0.8139016072226583,0,2
0.34427976465821214,-1.204465243055369,0.10698408227457866,-0.2815436032333698,0.6264006246756793,-0.06162115607743875,-0.18285750250863428,0.07448130636987152,-0.023117527105366395,-0.1815899431520338,0,3
0.16787297775520985,-0.9778580177223203,-0.5259351682702476,0.38870200364475654,-0.2540566141820855,0.42929591529008615,-0.23197164572900175,0.17056103893523025,0.06932076288855123,0.3236322004522819,0,3
1.05125602829772,-0.012467521253196334,-0.19696463483741952,0.23375053626782671,-0.6202102190124954,0.3258401981062704,-0.20253029359410085,0.08270660687081074,-0.06584945098225331,0.3107365384145706,0,1
-0.3737499125975155,-0.19863364554264132,-0.9345603149475806,0.014242667790413433,0.5937251314698666,-0.5429746292453603,-0.1325645231268466,0.05406601449504058,0.013363272291355397,0.6760877824598045,0,0
0.4241003382738344,-1.0081738020524407,-0.6779045809965198,0.1570075696580102,0.49888985447672524,0.03781818926911958,-0.3784084566730112,-0.10947018103679852,-0.041507094789388334,-0.31621503867328676,0,3
1.15298152073196,-0.10575007494140473,0.8632660821026571,0.2704983878439171,0.3791952807577403,-0.2737432299887135,-0.19685860267265048,-0.3010639229058377,-0.019756534015389543,0.04910625795884227,0,1
0.125030138739815,0.9504414739996594,0.31800985762411726,-0.7260120806438138,0.7566953883423864,-0.06408718365442499,0.04031304571495463,0.10484515373063427,-0.0852988195342478,-0.0865380884655536,0,2
0.7232450132038231,0.4464432734050562,-0.3504769592905224,0.10100333618283924,-0.6905116853468841,-0.2272272383065385,0.09718238835094378,0.26928125523691054,1.0518905710066528,0.1881482999150334,0,1
1.2889048680755852,-0.21688445578390575,0.42682026563429043,-0.43723140737741023,0.30136675471278207,-0.17888499029204058,-0.1031442368094848,-0.010736441671778549,-0.0726968606850007,0.10444302330534437,0,1
1.023850756273731,0.42849379007817956,-0.5154064243001064,-0.1109975247853222,0.07933222351632939,-0.6077505551971297,0.005707804159175036,0.01812672307868533,0.9936378141181733,-0.1542072596010603,0,1
0.982592615135694,-0.01516168021811301,-0.1643105532545804,0.18632419701916858,-0.639405752059118,0.29520757061690284,-0.3162325640194192,0.023100288500512926,-0.1360497085441132,-0.16643402669320848,0,1
1.202552021424712,0.3737696901279085,-0.29623721031582884,-0.01773148986126738,0.5981806484227066,0.7190888508176403,-0.13154392221476258,-0.07631688246289821,0.02317928955269441,0.12692614529645188,0,1
0.7750328657099013,0.13165382365349879,0.1198945824317712,-0.9629556114411726,-0.11809798005744078,-0.524355120617269,0.36925491519901543,-0.49406270351289044,1.0377543451232303,0.21825546575998403,0,1
-0.000199689669789121,-1.0482929096448763,-0.6718687012706092,-0.028094196075160022,-0.5747001599580285,0.6312064827266796,-0.11498143244031044,-0.44947401572057427,0.03255211441780718,-0.04223789618500805,0,3
0.9507881847555743,0.10194893439436892,0.23950213987688215,0.9379622523776073,-0.526393537648598,0.20753072003385362,-0.2716081009517556,-0.21633550131804657,0.039012672260986515,0.47973182492427807,0,1
1.3501185726074443,-0.22955949661053554,0.41600315520857517,-0.40559757669099633,0.29483658584615324,-0.18432114446668407,-0.05653157075658309,0.03314472888996165,-0.04189576850417287,0.4829353023260033,0,1
1.4071502648715593,-0.0947345750890165,-0.41250430256789505,0.26340160379035155,0.16452725924706854,-0.1264638542860435,0.7152885027100647,-0.29761973874983083,-0.28143976763408496,0.4419306097809088,0,1
-0.03948300143140776,0.9601219365045621,0.45065442641742975,-0.30033679733712276,0.0436159965585993,0.2086814361101247,1.070618939298044,0.25514483436151664,-0.1533681992871354,0.657326305707609,0,2
0.4888498846321997,0.7741974761791907,-0.5745103134278353,-0.18647468558509775,0.22607116787731726,-0.6927853109220171,-0.2002135320443894,-0.08872784074964914,-0.14587561946059752,0.4346409161667424,0,2
-0.7176204779864822,-0.14989347288660546,-0.7991360613327679,0.1331322561347607,-0.2922353180670466,-0.2616672866099209,-0.11790538366588128,0.8314886057481508,-0.2628299256841253,-0.20073733669779883,0,0
1.363121387597754,-0.0559835245915089,-0.38046753228913954,0.0458897229548396,0.14674995464508814,-0.045531360341893826,-0.22284202043400284,-0.17772620694607,-0.09010478674357782,0.327550503562401,0,1
1.4212983322888848,-0.01544347617920197,-0.3761486931049437,0.044752471541308424,0.17055414345684533,-0.05033524467350604,-0.24103801239029246,-0.11627864417906181,-0.07155862109722651,0.23708151377379894,0,1
1.3384878088473935,-0.0239748850968141,-0.3543337763953094,0.007913362642656366,0.15157323572260004,-0.06291611173053921,-0.31596557918209106,-0.17006661894175937,-0.13566492970234723,-0.24101074051394564,0,1
0.13920732896064034,0.9561987971324261,0.3244214794580775,-0.7271064223081322,0.7538995473656646,-0.07247466374706632,0.02250940500609095,0.115833953158665,-0.08678735911767464,-0.06646891871204735,0,2
1.2219264065276356,-0.2495316385691854,0.3901236193076782,-0.47680036489070865,0.1121075399200924,-0.25965377120371597,-0.1282689051564912,0.5277954812159085,-0.43582612781225216,-0.6024115125188562,0,1
1.099895028174641,0.11944679496420961,0.46473186034409236,-0.25222850591044066,0.7224461116101109,0.5355009317541025,0.9940039856676764,-0.04121307155282866,-0.18141114975579944,0.10233318505214001,0,1
-0.8722107750437269,-0.399484792747118,0.09853714497411865,-0.32699670977750295,-0.09359587273591742,-0.38283270775982725,-0.0929294181052864,0.3393416251893244,-0.026685379470314574,0.3069365610400205,0,0
1.307307534430547,-0.22499231285753737,0.43171144114262894,-0.43529796805137383,0.2944086560631481,-0.19702853112694085,-0.10447023853929835,-0.016607370767619943,-0.05896709140821676,0.2929871537037227,0,1
0.16672184050373265,0.94122427792874,0.3221694521234825,-0.7123219338281656,0.7453853042860266,-0.08437471230187517,0.053428909922860535,0.1088768818835087,-0.051932153472332404,0.3429342853187529,0,2
0.45216461441252315,0.766213278389703,-0.5538270922232493,-0.2155043093947271,0.21314908783465694,-0.7241970997654937,-0.25285873199533937,-0.12164671529190388,-0.17420748111412096,0.16023628354049438,0,2
-0.4060199743215367,-0.18783673959764755,-0.8999087371561073,-0.03396603704328268,0.5872847917838597,-0.5884971941471641,-0.23758722726279585,0.020013155346835478,-0.02804290223272545,0.23363679754774483,0,0
0.33287012709037217,1.222343219394306,-0.5114110718090163,-0.24222444469603666,0.6931152954051374,0.08803229155651729,-0.11334943258091157,0.05074621631741845,0.0043892981686464855,-0.07585201910533174,0,2
-0.838741995062048,-0.08494244646252425,-0.26796393447475153,0.8462511940016948,-0.11686119321525869,-0.38874689859069034,-0.2924457956990495,-0.08675823417445803,0.09895644274182919,0.5733322697739104,0,0
0.5306644060726172,0.780232575588738,-0.5753219560169556,-0.18313401262494033,0.2343680772862654,-0.706679692494554,-0.20194958361819507,-0.05288428795006984,-0.1393964046357106,0.39925250349731517,0,2
0.9831319985871075,-0.5186426575947193,-0.5828777487526758,0.3225474031303542,0.39541280347518126,-0.06958804297630272,0.6425453511364694,-0.17731313493030265,-0.22127908472961455,-0.3088398006864907,0,3
0.14794560764098236,-0.9629134403897769,-0.4973119188433717,0.3467967250359807,-0.2545727617556937,0.3926682192345526,-0.3304623565789017,0.15061575683190562,0.027522193983132853,-0.1159884524017945,0,3
0.08838546909907882,0.5861665102391925,0.33538469898101664,-0.4717134175671477,-0.5587517518964807,-0.5207738847136618,0.08974669499028566,0.8770401389748747,-0.36055369633831474,0.24085598235298356,0,2
0.06923327279334042,0.6197708932028787,0.42553870098822183,-0.49792162177282845,-0.40484199441823554,-0.4889755752875881,-0.06856988108087192,0.2735166251792289,-0.10873677826075194,0.2523084923512004,0,2
0.03632953965596161,-1.1830792431613,0.3001167044995846,-0.1049004343275053,-0.1458620022463908,0.2674724049050336,-0.1431309202745141,0.2746081888161275,0.053675357177295095,0.18260302809326875,0,3
0.4564817540778861,0.7648666752481696,-0.5546637700526666,-0.21504638102673254,0.21258986466661245,-0.7226310923712719,-0.26727356107964234,-0.12037244128487326,-0.18891307366221438,0.1309530981046898,0,2
0.06409824552446858,-1.1943732642727147,0.2878597967180499,-0.08295157615793221,-0.14789799315794583,0.27110083057224715,-0.09520389506076149,0.30463198586339024,0.07343560170386315,0.3494794471271921,0,3
0.9785621957477362,-0.1938466095803689,0.6170823386756574,-0.2534291103093777,-0.4777074985833607,0.16433243009307813,-0.0798705491654658,0.22743012462065687,-0.037008645206112314,0.2186026861709798,0,1
-0.10417585000951317,-1.2324250803103742,0.16405917949775567,-0.5392594637536795,-0.44739180136368106,0.44925355687876656,-0.057620652788051424,-0.36045031226110047,0.040369590111847965,-0.11523847904214585,0,3
-1.0151575081645416,0.1276599638990415,-0.8102020789963978,-0.11423276025728829,-0.04453321455609383,0.6335107320341198,0.9565898096197861,-0.4518208067046675,-0.08387350686354818,0.239683290346874,0,0
0.5198781849098489,0.7862975260808989,-0.5697691098476322,-0.18506377259687648,0.22801997623481268,-0.7063768407760903,-0.20892676503589472,-0.02914481766872371,-0.15205140027341366,0.21135513045505538,0,2
0.8526826409563215,0.2030944020556982,0.29623117801647114,-0.5962548034798961,0.17878037444785883,-0.7359213743618549,0.09089498274565623,0.09766900628466538,0.9278822505268198,-0.39251390042333556,0,1
0.7956407133188443,0.1309007154872977,0.3039909833448667,-0.36308122240151947,0.260934318346116,-0.6550652957384184,0.8494677425662381,-0.11014938185334489,-0.034928506840972984,-0.3064934148051346,0,1
0.436986285049674,0.3024849758833981,0.8875747329588907,0.5063982258286517,-0.4935671791496335,-0.5617144952311396,0.9684878285817402,-0.10124807262045758,0.8395297005460257,-0.18397256718965174,0,1
-0.012042447021896633,-1.203524961679193,0.3024794343617242,-0.11096413705936933,-0.16599216231399108,0.27170902956234205,-0.16801809189789155,0.26516445265152483,-0.00411782815195944,-0.14955037661770682,0,3
0.524846041648235,-0.9745436831938583,-0.7066670676539709,0.20105063240584387,0.5360872437578383,0.0656913131103327,-0.27025341764947264,-0.007448085057534179,0.04747477379028438,0.05607180095914121,0,3
1.2810459984085465,-0.2412640335712559,0.4289084892254382,-0.4313138305088796,0.28051224135138253,-0.1880169972828784,-0.10518617004630322,-0.026180913694213496,-0.08574025079717912,0.22882968850818688,0,1
-0.8156540351583358,-0.3908347184300986,0.004426678640689246,-0.3118272782149029,-0.20396141755076608,-0.4109754959131936,0.0724967938808207,0.9628854797809197,-0.23565441209703447,0.2248054669968884,0,0
-0.8831286338866857,-0.244726309691414,-0.8581865560940491,-0.267840906035671,-0.5104799082114411,-0.04737438810361075,-0.09194643595954821,-0.3938103666559904,-0.016998815190575393,0.16698347865296617,0,0
1.2685363294581884,-0.22738001798812313,0.4382870911046202,-0.43932515696324387,0.276088835528256,-0.18177532052885698,-0.1499410250966687,-0.021376869059903058,-0.11532830780840471,0.07318562909634009,0,1
1.2017654907480642,0.4043539423838946,-0.28674655634743085,-0.03493825587293337,0.6027647247237777,0.6958076844336477,-0.18453381661320137,-0.06854272279360475,0.08109448811902822,-0.07115128444121555,0,1
0.045701955248844614,-1.183169391928349,0.28199245419602786,-0.08352466894453542,-0.1392054723064805,0.2933641072506324,-0.08965852245231769,0.3113405597022418,0.06404670653895769,0.18504629150631405,0,3
0.3628586552640964,-0.011204108920474453,-0.5565925299426098,0.21774556156795236,-0.4726729260961553,-0.16920310387573564,0.12165915065987488,0.393789931010976,1.23837848837021,0.3419677812687006,0,1
0.877479226140368,0.7832775534291623,-0.48551761366630825,0.07369751090817912,0.5283520093227693,0.10744356450818768,1.1062552170754498,0.004022107186082845,0.9052767034910864,-0.1353418081376417,0,1
0.8632164605995112,0.10762791844239826,0.26461478644622216,0.8960033583360578,-0.5421368359991228,0.2036890399988996,-0.37412975842316504,-0.25778735773181843,-0.046221001093992284,-0.1694084885844669,0,1
0.43700552164540396,-0.29107375217999837,0.1229420287978463,-0.4987733728863454,0.355537974219198,-0.7128048150378586,0.11656914580352166,0.21014439049383885,1.0374475263278964,-0.4667730383161871,0,1
0.5818191908984172,-0.9693668829722254,-0.7164992867626594,0.22337482541564346,0.5439222806251373,0.06523162593876163,-0.2287143467246658,0.04097537311113203,0.08327596677311963,0.2862053691906251,0,3
0.1209950132013347,0.9533253051966512,0.33811135945851917,-0.7450780208155647,0.7486595261092204,-0.09412896331600488,-0.000938662736344482,0.08014536670910673,-0.08200517863204027,-0.05989059790990694,0,2
0.7611425187895696,0.4221597898952183,-0.3855234136503233,0.3064431472913182,-0.6529866695177259,-0.3011483836347606,1.0258217260158018,0.14310452700477097,0.857598090044371,0.111749255453138,0,1
1.0337737173607382,0.16580460358667365,0.5341175392960107,-0.5220073626189641,0.7015045197801445,0.557754312276616,-0.046635860890868394,0.016642928228276437,-0.006538611444615444,-0.23350503629935185,0,1
0.9084498790153911,-0.20981762498239795,0.572525014947993,-0.30628490167847716,-0.6343057673804849,0.09350035600428057,-0.09091721882806476,0.7238992291522995,-0.36511939341911753,-0.41156534586945565,0,1
1.0303285562575157,-0.22873402088731148,0.5705042400794337,-0.011421573056937265,-0.46134429301934016,0.1176107696304484,0.8878897554735655,0.14698942379076108,-0.23612152479455945,0.3690216800357175,0,1
1.2593000119704472,-0.23518309712884986,0.44669083673644056,-0.4470949279489939,0.2698094214405518,-0.20669686400082146,-0.1295288302292594,-0.026363872625556103,-0.09002645180863132,0.06176844923082622,0,1
-0.22713220861659106,1.1056211696712868,-0.42178584056049945,-0.5091789317621264,-0.46603927409530926,0.5716664148800995,0.0019742069297679988,-0.46802083555420954,-0.05316156328292503,0.041608278375182044,0,2
